,bio,followers,following,img_url,is_verified,name,source,text,time,tweet_id,user_location,username
0,wonderjunkie! sarvantharyaami.,39,False,http://pbs.twimg.com/profile_images/1087428256108818433/08_-5gO8_normal.jpg,False,sai vamshi,"<a href=""http://twitter.com/download/android"" rel=""nofollow"">Twitter for Android</a>",RT @pewdiepie: tseries now have people spamming my diss track to make them subscribe because:üò°pewdiepie insults india üò° https://t.co/utlz7B‚Ä¶,Tue Mar 12 15:03:50 +0000 2019,1105484552980582401,,vamshicool95
1,,58,False,http://pbs.twimg.com/profile_images/1095983427545747456/lsrXlqI2_normal.png,False,Anil Sanjeev,"<a href=""http://twitter.com"" rel=""nofollow"">Twitter Web Client</a>","RT @AmitShah: Under the visionary leadership of PM @narendramodi ji, Indian economy has emerged as the fastest growing economy. NDA governm‚Ä¶",Tue Mar 12 15:03:50 +0000 2019,1105484552649105408,,sanjeev_anil
2,I stan bangtan boys since 2013,10,False,http://pbs.twimg.com/profile_images/1094625053075898368/68I4d1Vn_normal.jpg,False,ü§¶üèª‚Äç‚ôÇÔ∏è,"<a href=""http://twitter.com/download/iphone"" rel=""nofollow"">Twitter for iPhone</a>","RT @btsvotingteam: üåé TOP COUNTRIES tweeting #iHeartAwards in the last 24hrs:

1. South Korea
2. Indonesia
3. Brazil
4. Argentina
5. Thailan‚Ä¶",Tue Mar 12 15:03:50 +0000 2019,1105484549176287234,,jikookieee_
3,,605,False,http://pbs.twimg.com/profile_images/1044289886776320000/vrC-qC-B_normal.jpg,False,Sassy Indian Girl üáÆüá≥,"<a href=""http://twitter.com/download/iphone"" rel=""nofollow"">Twitter for iPhone</a>",RT @muglikar_: Any person who is an employee of the state cannot use any power to curb a fundamental right. They are enforceable against th‚Ä¶,Tue Mar 12 15:03:50 +0000 2019,1105484548836675584,"Mumbai, India",SassyIndianGurl
4,Student is the power of INDIA . support Narendra Modi because modi is best comparision other Politician In India.,121,False,http://pbs.twimg.com/profile_images/1024615574930841601/DurCgnLk_normal.jpg,False,Shivamraj,"<a href=""http://twitter.com/download/android"" rel=""nofollow"">Twitter for Android</a>","RT @abpnewstv: Michel, who was presented before Special Judge Arvind Kumar, said he was put in the prison with 16-17 Kashmiri separatist le‚Ä¶",Tue Mar 12 15:03:49 +0000 2019,1105484547901157376,"Prayagraj,Uttar Pradesh, India",Shivamr66978825
5,Official Twitter Account of the High Commission of India in Bangladesh ‡¶¨‡¶æ‡¶Ç‡¶≤‡¶æ‡¶¶‡ßá‡¶∂‡¶∏‡ßç‡¶• ‡¶≠‡¶æ‡¶∞‡¶§‡ßÄ‡ßü ‡¶π‡¶æ‡¶á ‡¶ï‡¶Æ‡¶ø‡¶∂‡¶®‡ßá‡¶∞ ‡¶ü‡ßÅ‡¶á‡¶ü‡¶æ‡¶∞ ‡¶Ö‡ßç‡¶Ø‡¶æ‡¶ï‡¶æ‡¶â‡¶®‡ßç‡¶ü,44843,False,http://pbs.twimg.com/profile_images/536461181032992768/W0lfYiu3_normal.png,True,India in Bangladesh,"<a href=""http://twitter.com"" rel=""nofollow"">Twitter Web Client</a>",High Commission of #India welcomed the new High Commissioner Smt. @rivagdas and bade a reluctant farewell to Shri S‚Ä¶ https://t.co/C7We4hl4Ur,Tue Mar 12 15:03:49 +0000 2019,1105484547586633731,"High Commission of India, Dhaka, Plot No. 1-3, Park Road, Baridhara, Dhaka 1212.",ihcdhaka
6,,26,False,http://abs.twimg.com/sticky/default_profile_images/default_profile_normal.png,False,Kasim Patel,"<a href=""http://twitter.com/download/android"" rel=""nofollow"">Twitter for Android</a>","RT @gops333: At debut rally, Priyanka attacks government on PM Modi's home turf | India News - Times of India 
#ModiCorruptionYaadRakhna
ht‚Ä¶",Tue Mar 12 15:03:49 +0000 2019,1105484547452366848,,kasimpatel2112
7,"‡•ô‡•Å‡§∂‡•Ä ‡§≠‡•Ä ‡§ï‡§Æ‡§¨‡•ô‡•ç‡§§ ‡§†‡§π‡§∞‡§§‡•Ä ‡§®‡§π‡•Ä‡§Ç, ‡§á‡§∏‡§®‡•á ‡§≠‡•Ä ‡§™‡§∞ ‡§â‡§ó‡§æ ‡§∞‡§ñ‡•á‡§Ç ‡§π‡•à‡§Ç‡•§
[]GOVERNMENT OF BIHAR[]",545,False,http://pbs.twimg.com/profile_images/1099171026938654721/YGvSr-2C_normal.jpg,False,‡§Æ‡•Å‡§ï‡•á‡§∂ ‡§ï‡•Å‡§Æ‡§æ‡§∞‚Ñ¢,"<a href=""http://twitter.com/download/android"" rel=""nofollow"">Twitter for Android</a>",RT @rkhuria: #GandhiMarchesOn Savarkar &amp; Godse plotted and executed Gandhi‚Äôs Murder. Modi still worships Savarkar. Is he fit to rule India?‚Ä¶,Tue Mar 12 15:03:49 +0000 2019,1105484547162963968,‡§≠‡§æ‡§∞‡§§,imkr_mUkkU
8,,127,False,http://pbs.twimg.com/profile_images/3008327629/46899caf8b626e49dd45391f054c71f1_normal.jpeg,False,Christian Alessandro,"<a href=""http://twitter.com/download/iphone"" rel=""nofollow"">Twitter for iPhone</a>",RT @nelsonbocaranda: URGENTE:Giovanni @Staunovo desde India afirma que M.M.Kutty Ministro de Petr√≥leo y Gas del gobierno INDIO alert√≥ a com‚Ä¶,Tue Mar 12 15:03:49 +0000 2019,1105484546114547718,,calessadro
9,,17,False,http://pbs.twimg.com/profile_images/860549585516625921/O11gt95h_normal.jpg,False,Apurv Gupta,"<a href=""http://twitter.com/download/android"" rel=""nofollow"">Twitter for Android</a>","RT @AskAnshul: Whenever Israel faces terror attack, Western Media doesn't pay much attention. But when Israel retaliates, it portrays as if‚Ä¶",Tue Mar 12 15:03:49 +0000 2019,1105484545787346944,Kanpur,rt_apurv
10,#GRACIAS DONALD TRUMP POR LIBERAR VENEZUELA,191,False,http://pbs.twimg.com/profile_images/1041362707314819072/P0u-JPQ3_normal.jpg,False,Peter Sellerüá∫üá∏üáÆüá±,"<a href=""http://twitter.com/download/android"" rel=""nofollow"">Twitter for Android</a>","RT @leonline2000: Una de las √∫ltimas l√≠nea de Ox√≠geno Petrolero al NarcoRegimen de Maduro cay√≥.

India anunci√≥ que habr√≠a medidas severas p‚Ä¶",Tue Mar 12 15:03:49 +0000 2019,1105484544818458624,USA,PeterSeller9
11,Smart dumbo,154,False,http://pbs.twimg.com/profile_images/429322205/DSC00292_normal.JPG,False,Chintan Khakharia,"<a href=""http://twitter.com/download/android"" rel=""nofollow"">Twitter for Android</a>","You need to read this @RahulGandhi 

https://t.co/asQoOvDLk4",Tue Mar 12 15:03:48 +0000 2019,1105484544159887360,"Anand, Gujarat, India",chintankh
12,VIROLOGIST,54,False,http://pbs.twimg.com/profile_images/1104297290401964032/8Lk8TcoI_normal.jpg,False,NEHA SRIVASTAVA,"<a href=""http://twitter.com/download/android"" rel=""nofollow"">Twitter for Android</a>",RT @EconomicTimes: India successfully carries out third trial of #Pinaka guided missile at #Pokharan | https://t.co/MflfWaVyIi https://t.co‚Ä¶,Tue Mar 12 15:03:48 +0000 2019,1105484542511476737,India,chitranshneha
13,#HumanRights #metoo #EndRacism #EndMisogyny #Endhatred #FamiliesBelongTogether #resist #demüåä #BlacklivesMatter #vegan #apaop #ProtectMueller üåä#IMPEACH,17836,False,http://pbs.twimg.com/profile_images/1075994220874223617/9Q29ZzdS_normal.jpg,False,Jeannie Hartley,"<a href=""https://mobile.twitter.com"" rel=""nofollow"">Twitter Web App</a>",RT @extinctsymbol: Pathogens on plastic waste in the ocean are being spread globally: https://t.co/q0a4kDA9Hh,Tue Mar 12 15:03:48 +0000 2019,1105484541915889665,worldwide,Jeannie_Hartley
14,"‡§®‡§Æ‡§∏‡•ç‡§ï‡§æ‡§∞ üôè...

Path of #Dharma‚òùÔ∏è...
‡§π‡§ø‡§Ç‡§¶‡§µ‡•Ä ‡§∏‡•ç‡§µ‡§∞‡§æ‡§ú‡•ç‡§Ø ‡§µ‡•ç‡§π‡§æ‡§µ‡•á ‡§π‡•Ä '‡§∂‡•ç‡§∞‡•Ä‡§Ç'‡§ö‡•Ä ‡§à‡§ö‡•ç‡§õ‡§æüö©...

Hyper nationalism is any day better that mildest of gaddari...
üáÆüá≥",315,False,http://pbs.twimg.com/profile_images/1103315108820705280/ZFbe7Jmp_normal.jpg,False,‚ìÇÔ∏èüÜó‚ö°Ô∏è‚ôìÔ∏è¬∞üïâÔ∏è üáÆüá≥,"<a href=""http://twitter.com/download/android"" rel=""nofollow"">Twitter for Android</a>","RT @FMF_tw_official: The ones who paint the picture that the condition of Muslims is the same as condition of Jews in World War II - 

Ther‚Ä¶",Tue Mar 12 15:03:48 +0000 2019,1105484540649201664,‡§Æ‡§π‡§æ‡§∞‡§æ‡§∑‡•ç‡§ü‡•ç‡§∞...‡§≠‡§æ‡§∞‡§§ üö©,ShindeDip7040
15,The universe is just a project on an alien kid‚Äôs dresser that he got a C- on üëΩüîÆ,335,False,http://pbs.twimg.com/profile_images/1087701031197253632/hNRSdz9x_normal.jpg,False,India Patrice,"<a href=""http://twitter.com/download/iphone"" rel=""nofollow"">Twitter for iPhone</a>",Come see me this Friday‚ÄºÔ∏èü§üüèΩ https://t.co/5Zz6uQDvAN,Tue Mar 12 15:03:47 +0000 2019,1105484539403526144,,India_Patrice97
16,,58,False,http://pbs.twimg.com/profile_images/1095983427545747456/lsrXlqI2_normal.png,False,Anil Sanjeev,"<a href=""http://twitter.com"" rel=""nofollow"">Twitter Web Client</a>","RT @AmitShah: In the last five years, India‚Äôs prestige on the world stage stands enhanced significantly. Value of the Indian passport has i‚Ä¶",Tue Mar 12 15:03:47 +0000 2019,1105484537478303744,,sanjeev_anil
17,Tweeting opinions I don't/won't/can't tweet non-anonymously. It's been great to run this anon account without disclosing my identity. fallback: @gumnaamdesi,1144,False,http://pbs.twimg.com/profile_images/820483369234534400/h0-M8PQ0_normal.jpg,False,‡≤Ö‡≤®‡≤æ‡≤®‡≥ç‚Äå ‡≤¶‡≥á‡≤∏‡≤ø - Anon Desi üáÆüá≥,"<a href=""https://tapbots.com/software/tweetbot/mac"" rel=""nofollow"">Tweetbot for Mac</a>",RT @muglikar_: Any person who is an employee of the state cannot use any power to curb a fundamental right. They are enforceable against th‚Ä¶,Tue Mar 12 15:03:47 +0000 2019,1105484536912232449,üåé,AnonDesi
18,"#Sr.CrimeReporter
#Lucknow
‡§Æ‡•Å‡§ù‡§ï‡•ã ‡§á‡§§‡§®‡•Ä ‡§ú‡§≤‡•ç‡§¶‡•Ä ‡§™‡•ù ‡§≤‡•ã‡§ó‡•á ‡§Ü‡§™,
‡§ú‡§ø‡§∏‡§ï‡•ã ‡§≤‡§ø‡§ñ‡§®‡•á ‡§Æ‡•á‡§Ç ‡§™‡•Ç‡§∞‡•Ä ‡§ú‡§ø‡§Ç‡§¶‡§ó‡•Ä ‡§≤‡§ó‡•Ä,
‡§ï‡§≠‡•Ä ‡§Ü‡§™ ‡§Æ‡•Å‡§ù‡•á ‡§∏‡§Æ‡§ù‡•ã‡§ó‡•á ‡§§‡•ã ‡§ú‡§æ‡§®‡•ã‡§ó‡•á,
‡§ï‡•Ä ‡§Æ‡•á‡§∞‡•Ä ‡§¨‡§æ‡§§‡•á‡§Ç ‡§Æ‡•á‡§∞‡§æ ‡§∏‡•ç‡§µ‡§≠‡§æ‡§µ ‡§∏‡§¨ ‡§Ü‡§™‡§ï‡•á ‡§≤‡§ø‡§è ‡§π‡•à‡•§",458,False,http://pbs.twimg.com/profile_images/1105080657011601408/v42WEEXW_normal.jpg,False,Amit Kumar,"<a href=""http://twitter.com/download/android"" rel=""nofollow"">Twitter for Android</a>","RT @TimesNow: WATCH: @ashutosh83B, Political Analyst Vs @Shehzad_Ind , Lawyer in conversation with @RShivshankar on India Upfront | #UPAPol‚Ä¶",Tue Mar 12 15:03:47 +0000 2019,1105484536736043009,"Gomti Nagar, Lucknow",News18AmitKumar
19,One of India's largest media companies. Latest news from around the world. Retweets are not endorsements.,6706879,False,http://pbs.twimg.com/profile_images/876785263011287040/cgUWlhF3_normal.jpg,True,Hindustan Times,"<a href=""https://about.twitter.com/products/tweetdeck"" rel=""nofollow"">TweetDeck</a>",".@sanjaymanjrekar picks India‚Äôs squad for #WorldCup2019, names surprise omission

(via @HTSportsNews)‚Ä¶ https://t.co/9XGSnp6YT1",Tue Mar 12 15:03:47 +0000 2019,1105484536341618693,India,htTweets
20,Avid traveller. Proud Hindu. Let's make India Great Again!!!,192,False,http://pbs.twimg.com/profile_images/830434397790814208/KcEhEJUh_normal.jpg,False,Govindam,"<a href=""http://twitter.com/download/android"" rel=""nofollow"">Twitter for Android</a>","RT @KiranKS: In 2014, there was a rush among pSeculars to vow to move out of India if Modi becomes PM.

In 2019, haven't heard anyone wanti‚Ä¶",Tue Mar 12 15:03:46 +0000 2019,1105484535461003264,Indraprastha,vibhupal
21,"I admire Kangana Ranaut, MS Dhoni",689,False,http://pbs.twimg.com/profile_images/1105481406736551938/tI3AlHdD_normal.jpg,False,B. Rohith Kumar,"<a href=""http://twitter.com/download/android"" rel=""nofollow"">Twitter for Android</a>","RT @TrueIndology: 1) This item wanted to ""expose me"". He already stands naked in the first tweet of his thread.

Fake claim 1: ""Sherwan is‚Ä¶",Tue Mar 12 15:03:46 +0000 2019,1105484535372734473,India,rohith_speaks
22,bjp cadre// booth level worker //NAMO bakth /BJpIT &socialmediacell Coimbatore Lokahaba// misson 2019,6535,False,http://pbs.twimg.com/profile_images/1030074495535525888/SssKEZtS_normal.jpg,False,BJP THONDAN,"<a href=""http://twitter.com"" rel=""nofollow"">Twitter Web Client</a>",RT @yogye: Give me this type of laggard economy anytime. This year India replaced US as the second largest contributor to World Economy Gro‚Ä¶,Tue Mar 12 15:03:46 +0000 2019,1105484534945058818,Coimbatore  TAMILNADU  Bharat,BJPTHONDAN
23,"#ACHHADIN-FEKU
#AAYENGE-BHAKT
OB KI BAR FIR #JUMLA SARKAR
#FEKU ka #JUMLAüì¢üì£ or Mera #Naam & #Bio.Badalte rehta hai..
PROUD2b INDIAN.
RTs‚â† ENDORSEMENT.",1567,False,http://pbs.twimg.com/profile_images/1103295399157161984/Muz7RTOS_normal.jpg,False,CHOWKIDAR(ACHHADIN_LAOUNGA)üê¶,"<a href=""http://twitter.com/download/android"" rel=""nofollow"">Twitter for Android</a>","RT @HardikPatel_: I would also like to state that if there is no legal hindrance and party decides to field me in electoral politics, I wou‚Ä¶",Tue Mar 12 15:03:46 +0000 2019,1105484534559072256,"New Delhi, India",AK4IND
24,,70,False,http://pbs.twimg.com/profile_images/1104229674962558977/Fml0F3Vi_normal.jpg,False,Chloe Stevenson,"<a href=""http://twitter.com/download/iphone"" rel=""nofollow"">Twitter for iPhone</a>",RT @pewdiepie: tseries now have people spamming my diss track to make them subscribe because:üò°pewdiepie insults india üò° https://t.co/utlz7B‚Ä¶,Tue Mar 12 15:03:46 +0000 2019,1105484534332747776,"Wales, United Kingdom",chloemayxox27
25,A leading Marathi news channel.,165606,False,http://pbs.twimg.com/profile_images/919586362407317533/ZkcQekIf_normal.jpg,False,Zee 24 Taas,"<a href=""https://about.twitter.com/products/tweetdeck"" rel=""nofollow"">TweetDeck</a>","‡§Æ‡§Æ‡§§‡§æ ‡§¨‡§®‡§∞‡•ç‡§ú‡•Ä ‡§Ø‡§æ‡§Ç‡§®‡•Ä ‡§ï‡•á‡§≤‡•Ä ‡§â‡§Æ‡•á‡§¶‡§µ‡§æ‡§∞‡§æ‡§Ç‡§ö‡•Ä ‡§ò‡•ã‡§∑‡§£‡§æ, ‡•™‡•¶.‡•´ ‡§ü‡§ï‡•ç‡§ï‡•á ‡§Æ‡§π‡§ø‡§≤‡§æ‡§Ç‡§®‡§æ ‡§¶‡§ø‡§≤‡•á ‡§§‡§ø‡§ï‡•Ä‡§ü

#LokSabhaElections2019‚Ä¶ https://t.co/xf4Q4sjOHJ",Tue Mar 12 15:03:46 +0000 2019,1105484534299029504,Maharashtra,zee24taasnews
26,#INC Supporter,1,False,http://abs.twimg.com/sticky/default_profile_images/default_profile_normal.png,False,Kavita Choudhary,"<a href=""http://twitter.com/download/android"" rel=""nofollow"">Twitter for Android</a>","RT @INCMP: ‡§Æ‡§™‡•ç‡§∞ ‡§Æ‡•á‡§Ç ‡§ì‡§¨‡•Ä‡§∏‡•Ä ‡§Ü‡§∞‡§ï‡•ç‡§∑‡§£ 27% ‡§π‡•Å‡§Ü, ‡§∞‡§æ‡§ú‡•ç‡§Ø‡§™‡§æ‡§≤ ‡§®‡•á ‡§Ö‡§ß‡•ç‡§Ø‡§æ‡§¶‡•á‡§∂ ‡§™‡§∞ ‡§≤‡§ó‡§æ‡§à ‡§Æ‡•Å‡§π‡§∞‡•§

‚Äî‡§ï‡§Æ‡§≤‡§®‡§æ‡§• ‡§∏‡§∞‡§ï‡§æ‡§∞ ‡§¶‡•ç‡§µ‡§æ‡§∞‡§æ ‡§ì‡§¨‡•Ä‡§∏‡•Ä ‡§ï‡•ã 27% ‡§Ü‡§∞‡§ï‡•ç‡§∑‡§£ ‡§¶‡•á‡§®‡•á ‡§ï‡•á ‡§Ö‡§ß‡•ç‡§Ø‡§æ‡§¶‡•á‡§∂ ‡§ï‡•ã‚Ä¶",Tue Mar 12 15:03:46 +0000 2019,1105484534252859394,"‡§á‡§Ç‡§¶‡•å‡§∞, ‡§≠‡§æ‡§∞‡§§",KavitaC88849452
27,I am here because my family and friends are on facebook.,304,False,http://pbs.twimg.com/profile_images/744607341559963648/7xPXa2cZ_normal.jpg,False,Ahmed Mohiuddin,"<a href=""http://twitter.com/download/iphone"" rel=""nofollow"">Twitter for iPhone</a>","RT @anuragkotoky: Exactly a year ago, on March 12, India had grounded Airbus A320neo planes powered by the latest Pratt &amp; Whitney engines.‚Ä¶",Tue Mar 12 15:03:46 +0000 2019,1105484534143991808,Bangalore,ahmedsmhs
28,"Just a bloke who like his vodka and cigars. Movies,cars, audio,F1 & crypto",5471,False,http://pbs.twimg.com/profile_images/378800000742040770/10cd5dd77d60726ae4cac882b40094a2_normal.jpeg,False,Nik,"<a href=""http://www.echofon.com/"" rel=""nofollow"">Echofon</a>",Whole world is grounding them but India be like ‚Äú hey we are flying only our most experienced pilots on it. Give pa‚Ä¶ https://t.co/Waq8l6Q1sS,Tue Mar 12 15:03:46 +0000 2019,1105484533934288898,Hacienda  Napoles,nikster007
29,"Thinking great thoughts. Politics. Foreign Affairs, Economics. Science. Technology. Samskritam. Charuvak. RTs are endorsements if they reflect my views. PM NaMo",5761,False,http://pbs.twimg.com/profile_images/1096870729994432512/Erkk_GhL_normal.jpg,False,‡§∞‡§Æ‡§£ ‡§Æ‡•Ç‡§∞‡•ç‡§§‡§ø - ‡Æ∞‡ÆÆ‡Æ£‡Ææ ‡ÆÆ‡ØÇ‡Æ∞‡Øç‡Æ§‡Øç‡Æ§‡Æø,"<a href=""http://twitter.com/download/android"" rel=""nofollow"">Twitter for Android</a>","RT @VishnuNDTV: 1.
Did the IAF strike Balakot ? Lets look at what we have ... 
a.  An India Today Investigation where reporters speak to pe‚Ä¶",Tue Mar 12 15:03:46 +0000 2019,1105484533418389505,"New York, India",ramana1729
30,,26,False,http://abs.twimg.com/sticky/default_profile_images/default_profile_normal.png,False,Darshan Solanki,"<a href=""http://twitter.com/download/android"" rel=""nofollow"">Twitter for Android</a>","RT @JantaKaReporter: ""The true colour of this country is that it converts atmosphere of hate into love and compassion."" https://t.co/aD1RF9‚Ä¶",Tue Mar 12 15:03:46 +0000 2019,1105484532092940290,,Darshan12910513
31,"Philosopher, Thinker, Speaker, Writer and Live coah. I express my feelings so no need to take it personally. Don't like it? Don't follow me.",111,False,http://pbs.twimg.com/profile_images/1103351547227000833/9PdajDGY_normal.jpg,False,Hemant Desai,"<a href=""https://mobile.twitter.com"" rel=""nofollow"">Twitter Web App</a>",RT @RBhamaria: @Kumaran92023000 @sethia_b @JaganNKaushik @Gandalf11652773 @Savitritvs @jyotsnavarma9 @ads7506 @ramakirao @SAF_Najum @sufiru‚Ä¶,Tue Mar 12 15:03:46 +0000 2019,1105484532080431106,Mumbai,guppydas
32,,58,False,http://pbs.twimg.com/profile_images/1095983427545747456/lsrXlqI2_normal.png,False,Anil Sanjeev,"<a href=""http://twitter.com"" rel=""nofollow"">Twitter Web Client</a>",RT @AmitShah: PM @narendramodi‚Äôs government has dared to take bold and futuristic decisions for the welfare of 130 crore Indians. It has st‚Ä¶,Tue Mar 12 15:03:45 +0000 2019,1105484530217934848,,sanjeev_anil
33,"DM me, I'll follow you backüôÇü§óü§©üòò",669,False,http://pbs.twimg.com/profile_images/1091595559272624128/1Fw7Xqjf_normal.jpg,False,‚ìÉ‚ìê‚ì®‚ìê‚ìù‚ìê,"<a href=""http://twitter.com/download/android"" rel=""nofollow"">Twitter for Android</a>","RT @BangtanINDIA: Spotify India chart [Top 200] -
 11.03.2019  üáÆüá≥üìà

FAKE LOVE  #162üîª
WIOM   #170üîª
Eternal Sunshine  #180 (NE)
(Epik High/ p‚Ä¶",Tue Mar 12 15:03:45 +0000 2019,1105484529832144897,"Kerala, India",__g4v_taehyana
34,Brand Strategist. Brand Builder. Story Teller. Passionate Writer & Educator. Views are my own. No DM's pl.,1885,False,http://pbs.twimg.com/profile_images/1100081189027606528/dWubq2ew_normal.jpg,False,Vandana,"<a href=""http://twitter.com/download/android"" rel=""nofollow"">Twitter for Android</a>","Wow, perfect eg has been quoted by Mr Raghuram Rajan in his latest book: The Third Pillar - How Markets andthe Stat‚Ä¶ https://t.co/Yg26lMJrnS",Tue Mar 12 15:03:44 +0000 2019,1105484526044827648,"Bengaluru, India",CharouRathore
35,"IT Engineer, movie buff, die hard fan of Sunny Deol,  Akshay Kumar and Ajay Devgn !!!!",604,False,http://pbs.twimg.com/profile_images/1105304578923216897/bAVamDaK_normal.jpg,False,Parth Thakkar,"<a href=""http://twitter.com/download/android"" rel=""nofollow"">Twitter for Android</a>","RT @AskAnshul: Whenever Israel faces terror attack, Western Media doesn't pay much attention. But when Israel retaliates, it portrays as if‚Ä¶",Tue Mar 12 15:03:44 +0000 2019,1105484525193224192,‡§≠‡§æ‡§∞‡§§,parththakkar99
36,"Working as a Regional Controller in a Private Security Company.

(If luck doesn't support you!!!!! Effort are yours)",255,False,http://pbs.twimg.com/profile_images/1097537853897158656/wJNtev3L_normal.jpg,False,Nalinikanta Acharya,"<a href=""http://twitter.com/download/android"" rel=""nofollow"">Twitter for Android</a>",RT @arunjaitley: JeM terrorist attack at Pulwama has brought back into focus the key issue of national security. Prime Minister Modi‚Äôs evol‚Ä¶,Tue Mar 12 15:03:44 +0000 2019,1105484524983508992,"Bhubaneshwar, India",NalinikantaAcha
37,"Unemployed Engineer, Nagpurian, Foodi &  Ex BJP voter",6,False,http://pbs.twimg.com/profile_images/947115934329716737/iWH1uhi3_normal.jpg,False,Rahul Patil,"<a href=""http://twitter.com/download/android"" rel=""nofollow"">Twitter for Android</a>","RT @INCMaharashtra: Did you ever spot Nirav Modi, Anil Ambani or any black money hoarder standing in the bank queue during Demonetization?‚Ä¶",Tue Mar 12 15:03:44 +0000 2019,1105484524102639616,"Nagpur, India",Rp26Rahul
38,"Film Maker, Cinematographer, Traveller",165,False,http://pbs.twimg.com/profile_images/875375845879066624/h7OT15Gc_normal.jpg,False,Yadu Vijayakrishnan,"<a href=""http://twitter.com"" rel=""nofollow"">Twitter Web Client</a>",EC should have the balls to change the name of the political party 'Indian Union Muslim League' and 'All India Majl‚Ä¶ https://t.co/JsKsUGPpKl,Tue Mar 12 15:03:44 +0000 2019,1105484523893080068,‡§≠‡§æ‡§∞‡§§,YaduVJkrishnan
39,"A squad of rational thinkers to counter the growing hate, fake news, and communalism from the troll army",1613,False,http://pbs.twimg.com/profile_images/1036388391884152834/ZATBtuJj_normal.jpg,False,Dhruv Rathee Squad,"<a href=""http://twitter.com/download/android"" rel=""nofollow"">Twitter for Android</a>",RT @NDTVElections: NCP Chief Sharad Pawar Will Not Contest National Elections https://t.co/JmHYx3s0Vh,Tue Mar 12 15:03:43 +0000 2019,1105484523611930624,,DhruvSquad
40,"Dr.Vaibhav Vats |
New Mixtape in work |
checc out my produced projects so far.",81,False,http://pbs.twimg.com/profile_images/956065597124763649/Rx-xkix6_normal.jpg,False,YOUNG V‚àÜT$,"<a href=""http://twitter.com/download/android"" rel=""nofollow"">Twitter for Android</a>",When a foreign application/service comes to India. It's 30-40% stuff get blocked prior to its appearance into the c‚Ä¶ https://t.co/gGLf4kMj9E,Tue Mar 12 15:03:43 +0000 2019,1105484522920075264,"Chandigarh, India",vaibhavvats11
41,"MBA Finance, Persuing Chartered accontancy course and Proud Indian. Bharat Mata ki Jai......",132,False,http://pbs.twimg.com/profile_images/727794812468920321/roSqUjMX_normal.jpg,False,Pratap,"<a href=""http://twitter.com/download/android"" rel=""nofollow"">Twitter for Android</a>","@romanaisarkhan Nice try, Can you tell to the people when it is abv 10% , what ever some media trying to do, we peo‚Ä¶ https://t.co/qRk7gVMM46",Tue Mar 12 15:03:43 +0000 2019,1105484522919882754,Chennai,imPratap_
42,FAN of Nadigar thilagam üôå  | üòç‚ù§Ô∏èWell Wisher #Thala üôè & Adorent of Melody Songs üéºüéºüéºüéº,153,False,http://pbs.twimg.com/profile_images/1103322881755357184/rT8Jw0uw_normal.png,False,‡Æ™‡Ææ‡Æ≤‡Ææ ‡Æ®‡Æü‡Æø‡Æï‡Æ∞‡Øç ‡Æ§‡Æø‡Æ≤‡Æï‡ÆÆ‡Øç  ‡Æ§‡Æ≤ ‡Æ∞‡Æö‡Æø‡Æï‡Æ©‡Øç,"<a href=""https://mobile.twitter.com"" rel=""nofollow"">Mobile Web (M2)</a>","RT @DHONIism: ""Dhoni is a great player. He can bat anywhere whatever the team needs. He is adaptable And anyone criticising him has no idea‚Ä¶",Tue Mar 12 15:03:43 +0000 2019,1105484522815193099,salem,balan4rmsalem
43,Aspiring writer and billionaire. I try my best to understand geopolitics and diplomacy and don‚Äôt ask me for moustache tips. 27.,559,False,http://pbs.twimg.com/profile_images/1103027287962935296/53X3LBVY_normal.jpg,False,Harpal Singh Rana,"<a href=""http://twitter.com/download/iphone"" rel=""nofollow"">Twitter for iPhone</a>",RT @republic: #CongArmsDealerWeb | Land deal papers raise questions over Rahul Gandhi link to under-scanner arms dealer who also sought Raf‚Ä¶,Tue Mar 12 15:03:43 +0000 2019,1105484522563518471,India,harpal13
44,"Nerd, Gamer, Husband, Father, Taco Lovin Sunuva Biatch.",48,False,http://pbs.twimg.com/profile_images/816378288025190400/IShZp3wk_normal.jpg,False,FLABMANIA,"<a href=""http://twitter.com/download/android"" rel=""nofollow"">Twitter for Android</a>",@pewdiepie Yo fuck india,Tue Mar 12 15:03:43 +0000 2019,1105484521670148096,New York,FLABMANIA
45,,148,False,http://pbs.twimg.com/profile_images/1115643107/fc894dc2-50cf-47b5-845b-d8a262332720_normal.png,False,bishu naiküáÆüá≥,"<a href=""http://twitter.com/download/android"" rel=""nofollow"">Twitter for Android</a>","""Negationism means that this whole aspect of Indian history has been totally erased, not only from history books, b‚Ä¶ https://t.co/ArDUu7bPwP",Tue Mar 12 15:03:43 +0000 2019,1105484521577754624,bangalore,bishu05
46,new account,292,False,http://pbs.twimg.com/profile_images/1004250000321318912/Mw8zZAG6_normal.jpg,False,SimranjitSingh,"<a href=""http://twitter.com/download/iphone"" rel=""nofollow"">Twitter for iPhone</a>",RT @hi_paresh: Pak banned Masood Azhar's Jaish for killing 44 Indian Jawans but India doesnt ban Bajrang Dal whose Babu Bajrangi killed atl‚Ä¶,Tue Mar 12 15:03:43 +0000 2019,1105484520730484738,The Pind ,Kermanwaala
47,"Nationalist, Proud Hindu, Bharateeya, Lord Shiva's Bhakta, Zero tolerance for Hatred towards Bharata and Sanatana Dharma, Open supporter of Modiji",64,False,http://pbs.twimg.com/profile_images/849279230047248384/j2Nitap8_normal.jpg,False,Mahesh Athani,"<a href=""http://twitter.com/download/android"" rel=""nofollow"">Twitter for Android</a>",@republic India got freedom because of congress not by the struggle of freedom fighters hence India belongs to cong‚Ä¶ https://t.co/NieUwTKCMj,Tue Mar 12 15:03:43 +0000 2019,1105484519690420224,"Tamb√§, Bijapur",mahesh_athani
48,,924,False,http://pbs.twimg.com/profile_images/1096233596942147584/dKSHiboE_normal.jpg,False,Priyanka Sahoo,"<a href=""http://twitter.com/download/android"" rel=""nofollow"">Twitter for Android</a>",RT @dpradhanbjp: The deplorable statement made by Vijayashanti in the presence of @RahulGandhi confirms that the bold decisions of #Surgica‚Ä¶,Tue Mar 12 15:03:42 +0000 2019,1105484519048601600,"Bhubaneshwar,odisha India",Priyank36533917
49,Once part of MSM/Bollywood-manipulated crowd. Now an awakened Hindu.,25,False,http://pbs.twimg.com/profile_images/1104587100849164294/-6jqfDh8_normal.jpg,False,#Modi2019 üáÆüá≥,"<a href=""http://twitter.com/download/iphone"" rel=""nofollow"">Twitter for iPhone</a>",RT @TrueIndology: India is cursed with such beaureucrats  who manage to enjoy high offices without having any knowledge of basic geography.‚Ä¶,Tue Mar 12 15:03:42 +0000 2019,1105484516934717443,,TilkinBai
50,,8,False,http://pbs.twimg.com/profile_images/1095332185580625920/RqJuEBoz_normal.jpg,False,upendra sharma,"<a href=""http://twitter.com"" rel=""nofollow"">Twitter Web Client</a>",RT @arunjaitley: JeM terrorist attack at Pulwama has brought back into focus the key issue of national security. Prime Minister Modi‚Äôs evol‚Ä¶,Tue Mar 12 15:03:42 +0000 2019,1105484516540461056,,upendra686
51,Twitter = War of the words. war is on üòú,509,False,http://pbs.twimg.com/profile_images/959326492248297472/rwp8Wa_3_normal.jpg,False,Danny,"<a href=""http://twitter.com/download/iphone"" rel=""nofollow"">Twitter for iPhone</a>","RT @IndiaToday: No stopping the Abhinandan wave! Now, a chef has carved out the IAF hero's face on a watermelon
https://t.co/GqVwP7FUkI",Tue Mar 12 15:03:42 +0000 2019,1105484516016119808,India,Mati9ee
52,Ideas are bullet proof!,548,False,http://pbs.twimg.com/profile_images/1089147936632524800/rQjcSdpf_normal.jpg,False,Addy,"<a href=""http://twitter.com/download/android"" rel=""nofollow"">Twitter for Android</a>",One of the changes and modifications¬† made in connection with implementation of¬† Delhi Agreement in Constitution of‚Ä¶ https://t.co/8rE54usWSD,Tue Mar 12 15:03:42 +0000 2019,1105484515776987138,Kashmir,iaddy_
53,"* India first... always... 
* Neither a bhakt nor a Piddi, having own brains and thinking capacities
* I hate extremists",77,False,http://pbs.twimg.com/profile_images/1083785776805105664/bLMx2evu_normal.jpg,False,amitg328 üáÆüá≥,"<a href=""http://twitter.com/download/android"" rel=""nofollow"">Twitter for Android</a>",RT @ANI: #WATCH India successfully carried out third trial of Pinaka guided missile at Pokharan (Rajasthan) today. Two trials were conducte‚Ä¶,Tue Mar 12 15:03:42 +0000 2019,1105484515273834499,"‡§Ü‡§Æ‡§ö‡•Ä ‡§Æ‡•Å‡§Ç‡§¨‡§à, Mumbai, India",amitg328
54,"Yeh jo desh hai Mera, Swadesh hai Mera.. Bharat Mata ki Jai üáÆüá≥ üáÆüá≥ üáÆüá≥",224,False,http://pbs.twimg.com/profile_images/968465916139683840/hqo287vm_normal.jpg,False,nrikabootar,"<a href=""http://twitter.com/download/android"" rel=""nofollow"">Twitter for Android</a>","RT @majorgauravarya: Since 1947 Pakistan has been directly responsible for death of over 15,000 Indian citizens. Australian Govt must #Stop‚Ä¶",Tue Mar 12 15:03:41 +0000 2019,1105484515227533313,,nrikabootar
55,,86,False,http://pbs.twimg.com/profile_images/1097760055926157312/-rapq8FA_normal.jpg,False,Inderjeet,"<a href=""http://twitter.com/download/android"" rel=""nofollow"">Twitter for Android</a>",RT @profpaVarghese: 51 India voted4Nehru Kerala chose #CPM.After emergency Kerala stood with Indira.Bofors scandal-still Kerala stood with‚Ä¶,Tue Mar 12 15:03:41 +0000 2019,1105484513453449216,JNU,Inderje97888767
56,Rajasthani Namkeen offers a wide range of traditional tasty and spicy snacks. Always a good choice when you're really hungry.,13,False,http://pbs.twimg.com/profile_images/990907865916321792/E4Mewsuv_normal.jpg,False,Rajasthani Namkeen,"<a href=""http://twitter.com"" rel=""nofollow"">Twitter Web Client</a>",We are looking for distributors or agents to expand our sales network all over the India. Visit:‚Ä¶ https://t.co/k9SnaauxH6,Tue Mar 12 15:03:41 +0000 2019,1105484513021444104,,mjrajasthani
57,Witnessing a Progressive India üáÆüá≥ under Modi ji : the True son of Bharath Matha | Indian | Hindu | NAMO AGAIN üáÆüá≥ - Believer of Andal & Allah,3333,False,http://pbs.twimg.com/profile_images/1094483963907854336/re_XtH4k_normal.jpg,False,Kamal,"<a href=""http://twitter.com/download/iphone"" rel=""nofollow"">Twitter for iPhone</a>",RT @sgurumurthy: Modi's Make in India just saved Rs 1 lakh crore in defence sector. Here's how - Mail Today News https://t.co/dmhimreNIU,Tue Mar 12 15:03:41 +0000 2019,1105484512551526400,"Chennai, India",Kamaljioffl
58,‡§è‡§ï ‡§≠‡§æ‡§∞‡§§‡•Ä‡§Ø ‡§ú‡•ã ‡§≠‡§æ‡§∞‡§§ ‡§ï‡•Ä ‡§™‡•Å‡§∞‡§æ‡§®‡•Ä ‡§∏‡§Ç‡§∏‡•ç‡§ï‡•É‡§§‡§ø ‡§î‡§∞ ‡§ó‡•å‡§∞‡§µ ‡§ï‡•Ä ‡§ó‡§∞‡§ø‡§Æ‡§æ ‡§∏‡•á ‡§Ü‡§≠‡•Ç‡§∑‡§ø‡§§ ‡§π‡•Å‡§è ‡§¶‡•á‡§ñ‡§®‡§æ ‡§ö‡§æ‡§π‡§§‡§æ ‡§π‡•à|,793,False,http://pbs.twimg.com/profile_images/721821406497931264/QwBzt1X7_normal.jpg,False,Abhishek@VHS,"<a href=""http://twitter.com/download/android"" rel=""nofollow"">Twitter for Android</a>",RT @noconversion: This Christian Conversion nonsense.. is happening across INDIA ... one way to stop this is to make small groups ... join‚Ä¶,Tue Mar 12 15:03:41 +0000 2019,1105484512169885697,India,sachin23kr
59,,2288,False,http://pbs.twimg.com/profile_images/889403895377780736/qScsvc9B_normal.jpg,False,FOLLOW HELP 50K #1DDrive,"<a href=""http://twitter.com/download/android"" rel=""nofollow"">Twitter for Android</a>","From Which Country R U?

Retweet If U See Your Flag

India üáÆüá≥
Nigeria üá≥üá¨
Ghana üá¨üá≠
Uganda üá∫üá¨
Zimbabwe üáøüáº
Tanzania üáπüáø‚Ä¶ https://t.co/cgCkvIR1U6",Tue Mar 12 15:03:40 +0000 2019,1105484510773297152,,Christyph57
60,"One of those who will not die at the age of 25.
Illustrator, Barista, Literature Enthusiast.",47,False,http://pbs.twimg.com/profile_images/981692078936678401/TZ8arENf_normal.jpg,False,Sakayudha,"<a href=""http://twitter.com/download/android"" rel=""nofollow"">Twitter for Android</a>",RT @pewdiepie: tseries now have people spamming my diss track to make them subscribe because:üò°pewdiepie insults india üò° https://t.co/utlz7B‚Ä¶,Tue Mar 12 15:03:40 +0000 2019,1105484510299250689,"Bandung, Jawa Barat",G_Sakayudha
61,"PTM ‚ù§‚ù§‚ù§| Bacha Khan my inspiration  | Microbiologist , Interested in Study , Music , politics and cricket",1065,False,http://pbs.twimg.com/profile_images/1061492972888473600/7SDLPSSJ_normal.jpg,False,Izhar,"<a href=""http://twitter.com/download/android"" rel=""nofollow"">Twitter for Android</a>",RT @AmbJohnBolton: Spoke with Pakistani FM Qureshi to encourage meaningful steps against JeM and other terrorist groups operating from Paki‚Ä¶,Tue Mar 12 15:03:40 +0000 2019,1105484510211334144,Lahore,AskGHQonAPS
62,"üáÆüá≥Surviving:- #OwnRules (Savage)                                 
@AjayDevgn | @Yuvstrong12 | @Asliyoyo",13523,False,http://pbs.twimg.com/profile_images/1092315445351206912/U00LDCEq_normal.jpg,False,M a n n uüö¨,"<a href=""http://twitter.com/download/android"" rel=""nofollow"">Twitter for Android</a>","RT @WeLoveAjayDevgn: #TotalDhamaal crosses ‚Çπ 200 cr Gross BOC *worldwide*...
India [Gross]: ‚Çπ 167.54 cr
Overseas [Gross]: ‚Çπ 43.32 cr @ajayd‚Ä¶",Tue Mar 12 15:03:40 +0000 2019,1105484508583755778,IndianüáÆüá≥,ImSinghMannu
63,,152,False,http://pbs.twimg.com/profile_images/1009857753404149760/E0hQeH9I_normal.jpg,False,Naveenarunkumar,"<a href=""http://twitter.com/download/android"" rel=""nofollow"">Twitter for Android</a>","RT @taran_adarsh: Marvel fans, rejoice... #AvengersEndgame director Joe Russo [of the Russo brothers] to visit #India first, ahead of his A‚Ä¶",Tue Mar 12 15:03:40 +0000 2019,1105484507807805440,Coimbatore,naveenarunkuma2
64,,2467,False,http://pbs.twimg.com/profile_images/879962167771971584/gcebvT9x_normal.jpg,False,Alauddin ÿπŸÑÿßÿ° ÿßŸÑÿØŸäŸÜ,"<a href=""http://twitter.com/#!/download/ipad"" rel=""nofollow"">Twitter for iPad</a>",RT @BhavikaKapoor5: After Independence from smallest needle to Mangalyaan rocket everything in India has been built by @INCIndia and BJP al‚Ä¶,Tue Mar 12 15:03:40 +0000 2019,1105484507744919553,"Maharashtra, India",Alauddin1809
65,Engineer (Rtd). Nation First & Fiercely Candid,130,False,http://pbs.twimg.com/profile_images/951499151811928069/MwJLawYU_normal.jpg,False,BhogarajuüáÆüá≥,"<a href=""http://twitter.com/download/iphone"" rel=""nofollow"">Twitter for iPhone</a>","RT @by2kaafi: Valson Thampu writes: 
""Church of South India, to take just one example, owns landed property worth Rs. 100000 to 300000 cror‚Ä¶",Tue Mar 12 15:03:40 +0000 2019,1105484507426127873,Telangana,bhovegora
66,,673,False,http://abs.twimg.com/sticky/default_profile_images/default_profile_normal.png,False,hem lata sharma,"<a href=""http://twitter.com/download/android"" rel=""nofollow"">Twitter for Android</a>",RT @PrinceArihan: As a minority in India I feel unsafe for my family from some Christians because of my stand against clerical sexual abuse‚Ä¶,Tue Mar 12 15:03:40 +0000 2019,1105484507342360576,,hemabawa
67,"I'm a Mumbai based Property Consultant having a Pan India Network; My Areas of Interest are Politics, Business, Movies & Sports.",342,False,http://pbs.twimg.com/profile_images/1103656261256601600/O5iVEg9s_normal.jpg,False,Ejaz Ali Mirza,"<a href=""http://twitter.com/download/android"" rel=""nofollow"">Twitter for Android</a>","RT @nikhil_thatte: FFS nobody gave anything to anyone. There was a territory created by British imperialism which was divided, one of which‚Ä¶",Tue Mar 12 15:03:40 +0000 2019,1105484507191242752,Mumbai,ejaz_mirza
68,üá¨üáßüá±üá∞‚Ä¢DM Expertüßêü§®‚Ä¢CEO of SL Twitterüè¶üìà‚Ä¢,266,False,http://pbs.twimg.com/profile_images/1100225614022393858/xa_HIcVY_normal.jpg,False,Lance Wicks,"<a href=""http://twitter.com/download/iphone"" rel=""nofollow"">Twitter for iPhone</a>","@champgne_paki Sri Lanka and Pakistan both beat India in Major Finals, SL In 2014 T20 WC and Pakistan in the 2017 Champions Trophy..üèÜüèÜüá±üá∞üáµüá∞",Tue Mar 12 15:03:40 +0000 2019,1105484507044605952,,lancewicks98
69,,414,False,http://pbs.twimg.com/profile_images/1039075838593916928/HPXiEB_o_normal.jpg,False,ramakrishnan,"<a href=""http://twitter.com/download/android"" rel=""nofollow"">Twitter for Android</a>",RT @khanumarfa: The Hindutva ‚Äòhistorians‚Äô want 21st century Indian Muslims to be made accountable and answerable for ‚Äòinjustices‚Äô done by M‚Ä¶,Tue Mar 12 15:03:40 +0000 2019,1105484506859941888,"Chennai, India",ramakrishnan002
70,"Scientist-Earth Sciences, Climate Change & Variability, Data analyst: Views are my own but RT's are not endorsement. ‡§Ø‡§§‡•ã ‡§ß‡§∞‡•ç‡§Æ‡§∏‡•ç‡§§‡§§‡•ã ‡§ú‡§Ø‡§É
‡§ß‡§∞‡•ç‡§Æ‡•ã ‡§∞‡§ï‡•ç‡§∑‡§§‡§ø ‡§∞‡§ï‡•ç‡§∑‡§ø‡§§‡§É‡•§",3255,False,http://pbs.twimg.com/profile_images/1476190505/DSC02365_normal.JPG,False,Ashok Jaswal üáÆüá≥,"<a href=""http://twitter.com/download/android"" rel=""nofollow"">Twitter for Android</a>","RT @TrueIndology: 1) This item wanted to ""expose me"". He already stands naked in the first tweet of his thread.

Fake claim 1: ""Sherwan is‚Ä¶",Tue Mar 12 15:03:39 +0000 2019,1105484506587291648,"Dangoh (HP); Pune, India",ashok_jaswal
71,"Papa‚Äôs  girlüòò
miss u papa jiüòû",17,False,http://pbs.twimg.com/profile_images/1104082381458292736/W6n0HsPD_normal.jpg,False,gurpreet  bhatia,"<a href=""http://twitter.com"" rel=""nofollow"">Twitter Web Client</a>","RT @satyakumar_y: Towards a better India, #HarnessingYuvaShakti, #Modi govt. has taken innovative steps to make sure no one feels left out‚Ä¶",Tue Mar 12 15:03:39 +0000 2019,1105484506453008384,"Nizamabad, India",gurpree40381468
72,Programa de TV conducido por el Patriota @dcabellor todos los mi√©rcoles a las 7pm por @VTVcanal8 | S√≠guenos: https://t.co/wbZDjlPCIp -  https://t.co/6QzjLA49Ak,384254,False,http://pbs.twimg.com/profile_images/902981278118674432/R6zqIPC7_normal.jpg,True,Con el Mazo Dando,"<a href=""https://www.conelmazodando.com.ve/"" rel=""nofollow"">PostVitorPro</a>",¬°Talento Criollo! ‚ÄúMiku‚Äù Fedor anot√≥ y asisti√≥ en pase de su Bengaluru a la final de la S√∫per Liga de la India‚Ä¶ https://t.co/xmBRdwdIs4,Tue Mar 12 15:03:39 +0000 2019,1105484506407096321,Latinoam√©rica Unida,ConElMazoDando
73,"Ex-Journalist | Currently PhD Research Scholar, International Relations @Southasianuni |

THIS ACCOUNT IS A THOUGHT EXPERIMENT. You are the Guinea Pig ü§ì",20550,False,http://pbs.twimg.com/profile_images/1103540012258275328/1_q6Pxeu_normal.jpg,True,Monica,"<a href=""http://twitter.com/download/android"" rel=""nofollow"">Twitter for Android</a>","Interestingly, foreign policy warriors who jump on the govt over slightest loss that India faces haven't condemned‚Ä¶ https://t.co/JLfBLgXU7Y",Tue Mar 12 15:03:39 +0000 2019,1105484504792211456,,TrulyMonica
74,Imran Khan The Hope Of The Nation/Proud Insafianüí™/NA53/Living Near Banigala üòç/Model/Actor/We Are Butt Hum Hadiyaan Torty Hain Dil Nahi ‚úåüí™ #InsafianPower,566,False,http://pbs.twimg.com/profile_images/1066639395300786177/vEzdb-ME_normal.jpg,False,Tiger Of Ik (IMRAN BUTT),"<a href=""http://twitter.com/download/android"" rel=""nofollow"">Twitter for Android</a>",RT @kashmiri_kurii: Pic1:- Kashmiri women shout anti-Indian slogans during a protest demonstration against the arrest of a girl by paramili‚Ä¶,Tue Mar 12 15:03:39 +0000 2019,1105484504456679424,Islamabad,TigerofIk1
75,Ex Mariner.,337,False,http://pbs.twimg.com/profile_images/1098886994913054721/1MgwS0mp_normal.jpg,False,Sanjeev Dutt,"<a href=""http://twitter.com/download/android"" rel=""nofollow"">Twitter for Android</a>","RT @republic: #CongressCollapse | SCOOP: After his son Sujay joins BJP, Congress' Radhakrishna Vikhe Patil may resign as Leader of Oppositi‚Ä¶",Tue Mar 12 15:03:39 +0000 2019,1105484504448319489,‡§≠‡§æ‡§∞‡§§,Sanjeev91730967
76,Student | Trembles with indignation at every injustice | Bhukkad,58,False,http://pbs.twimg.com/profile_images/1088620386172887040/ENej-AWg_normal.jpg,False,Raghavendra Yadavalli,"<a href=""http://twitter.com/download/android"" rel=""nofollow"">Twitter for Android</a>","RT @digitaldutta: All India Democratic Students Organization protesting biometrics systems and #Aadhaar usage in attendance systems. 21,481‚Ä¶",Tue Mar 12 15:03:39 +0000 2019,1105484504393834501,Vetapalem,Raghav96a
77,"GIS architect, Byte crazy with fluency in C++, Rajput, RTs are not endorsements",460,False,http://pbs.twimg.com/profile_images/663644465584705536/7Io9Gs28_normal.png,False,Charvaka,"<a href=""http://twitter.com/download/android"" rel=""nofollow"">Twitter for Android</a>",RT @muglikar_: Any person who is an employee of the state cannot use any power to curb a fundamental right. They are enforceable against th‚Ä¶,Tue Mar 12 15:03:39 +0000 2019,1105484502804111360,Sitting on my Butt ,krantikaari_p
78,"Don't be blind supporter,think b4 u support any1.
#Respect4motherland
#Support Modi 4 delivery 
#Hate Congress 4 corruption
#Salute to soldiers",504,False,http://pbs.twimg.com/profile_images/1030070527757570048/EZYTgpKq_normal.jpg,False,SurajüáÆüá≥,"<a href=""https://mobile.twitter.com"" rel=""nofollow"">Twitter Web App</a>","RT @ZeeNewsHindi: ‡§Æ‡§π‡§æ‡§ó‡§†‡§¨‡§Ç‡§ß‡§® ‡§∏‡•á BJP ‡§ï‡•ã ‡§®‡§π‡•Ä‡§Ç ‡§π‡•ã‡§ó‡§æ ‡§ò‡§æ‡§ü‡§æ, ‡§Æ‡•ã‡§¶‡•Ä ‡§´‡§ø‡§∞ ‡§¨‡§®‡•á‡§Ç‡§ó‡•á PM: ‡§ú‡•ç‡§Ø‡•ã‡§§‡§ø‡§∑‡§æ‡§ö‡§æ‡§∞‡•ç‡§Ø ‡§ï‡§æ ‡§¶‡§æ‡§µ‡§æ

https://t.co/Nvb5EuGfmH",Tue Mar 12 15:03:38 +0000 2019,1105484502187401216,bhopal,suraj_Hindustan
79,"ManMohan Singh UPA2004 to 2014 corruptions enquiry pending and looters on bails?
Fast trails ans hearing before elections it's rights of people to know Cong cor",71,False,http://abs.twimg.com/sticky/default_profile_images/default_profile_normal.png,False,#SC enquiry congress gotala# #,"<a href=""https://mobile.twitter.com"" rel=""nofollow"">Twitter Web App</a>","@AcharyaPramodk Pappu aur unki Papou congressi?
Andhra fhuske marneke mathlabh congressi piddi ye samjatha!
Modi ne‚Ä¶ https://t.co/NZHMzCPPyP",Tue Mar 12 15:03:38 +0000 2019,1105484501860311047,"Maharashtra, India",Anand210599
80,"*Hum Yaha ke Robinhood hain* Salman Khan & Leo Messi Fanboy ‚Ä¢ Fitness above allüí™ ‚Ä¢ Pianoüéπ
I write for the love of chai. Clicküëâ #ChaiWidLove ‚Ä¢
2 A/c suspended",461,False,http://pbs.twimg.com/profile_images/1089490722724560896/GK0pEDSQ_normal.jpg,False,Robinhood,"<a href=""http://twitter.com/download/android"" rel=""nofollow"">Twitter for Android</a>","RT @TrueIndology: 1) This item wanted to ""expose me"". He already stands naked in the first tweet of his thread.

Fake claim 1: ""Sherwan is‚Ä¶",Tue Mar 12 15:03:38 +0000 2019,1105484501482790912,,Ragy_95
81,it's all about logic!!!! I follow the footsteps of Sandy Boy. Kindly follow Sandy Boy @ssingapuri,1207,False,http://pbs.twimg.com/profile_images/1010500823317712896/F5Br3G3S_normal.jpg,False,Sunshine Boy üáÆüá≥,"<a href=""http://twitter.com/download/iphone"" rel=""nofollow"">Twitter for iPhone</a>",RT @LaliGanguli: India defies Asia slump as manufacturing hits 14-month high - #WhyModiAgain  https://t.co/1ygjBh4ITA,Tue Mar 12 15:03:38 +0000 2019,1105484500832739328,"Mumbai, India",singpuri
82,Indian. Muslim. Almost Socialist. Daddy's girl for life. History. Travel. Politics. Food.,451,False,http://pbs.twimg.com/profile_images/879297852798681088/UUmALLTs_normal.jpg,False,Shaaista Shaikh,"<a href=""http://twitter.com"" rel=""nofollow"">Twitter Web Client</a>","SpiceJet Defends 737 MAX Amid Grounding, Calls It ""Highly Sophisticated"" 

https://t.co/xWuv85Ouyy",Tue Mar 12 15:03:38 +0000 2019,1105484500665028608,Mumbai,breadandcircus_
83,"Between my past, the present & the future common factor is Relationship and Trust",6600,False,http://pbs.twimg.com/profile_images/1044213996184694784/lq5CGJRg_normal.jpg,False,Rutvik Subhedar,"<a href=""http://twitter.com/download/android"" rel=""nofollow"">Twitter for Android</a>","RT @MyFellowIndians: #WhyModiAgain

I say WHY NOT ?.. if you want

Lynchings
Rapists being supported
Youth to Sell Pakodas
Fear in minoriti‚Ä¶",Tue Mar 12 15:03:38 +0000 2019,1105484499935215616,,RutvikSubhedar
84,Indian,76,False,http://pbs.twimg.com/profile_images/1062600813229555712/q6JqINl5_normal.jpg,False,Blood Brain Beer,"<a href=""http://twitter.com/download/android"" rel=""nofollow"">Twitter for Android</a>",RT @BBCHindi: ‡§≤‡•ã‡§ï‡§∏‡§≠‡§æ ‡§ö‡•Å‡§®‡§æ‡§µ 2019: ‡§™‡§∂‡•ç‡§ö‡§ø‡§Æ ‡§¨‡§Ç‡§ó‡§æ‡§≤ ‡§Æ‡•á‡§Ç ‡§¨‡•Ä‡§ú‡•á‡§™‡•Ä ‡§ï‡•á ‡§≤‡§ø‡§è ‡§ï‡§ø‡§§‡§®‡•Ä ‡§∏‡§Ç‡§≠‡§æ‡§µ‡§®‡§æ https://t.co/3AKlU0dVfQ,Tue Mar 12 15:03:38 +0000 2019,1105484499423514625,India,BloodBrainBeer1
85,"Dogra from Jammu, British Hindu, love travelling, keen interest in current affairs",556,False,http://pbs.twimg.com/profile_images/1086547915294887936/9t5oOS9V_normal.jpg,False,RAJ DOGRA,"<a href=""http://twitter.com/download/iphone"" rel=""nofollow"">Twitter for iPhone</a>",RT @sgurumurthy: Modi's Make in India just saved Rs 1 lakh crore in defence sector. Here's how - Mail Today News https://t.co/dmhimreNIU,Tue Mar 12 15:03:38 +0000 2019,1105484498639179776,,uk_rajeev
86,,155,False,http://pbs.twimg.com/profile_images/1100505380344475650/p7VP9jCj_normal.jpg,False,Umar Farooq,"<a href=""http://twitter.com/download/iphone"" rel=""nofollow"">Twitter for iPhone</a>",RT @BhavikaKapoor5: After Independence from smallest needle to Mangalyaan rocket everything in India has been built by @INCIndia and BJP al‚Ä¶,Tue Mar 12 15:03:37 +0000 2019,1105484498345570304,,UmarFar06316589
87,Student is the power of INDIA . support Narendra Modi because modi is best comparision other Politician In India.,121,False,http://pbs.twimg.com/profile_images/1024615574930841601/DurCgnLk_normal.jpg,False,Shivamraj,"<a href=""http://twitter.com/download/android"" rel=""nofollow"">Twitter for Android</a>","RT @Republic_Bharat: #JiVersusJi | ‡§∞‡§æ‡§π‡•Å‡§≤ ‡§ó‡§æ‡§Ç‡§ß‡•Ä ‡§™‡§∞ BJP ‡§ï‡§æ ‡§™‡•ç‡§∞‡§π‡§æ‡§∞, '‡§∂‡§π‡•Ä‡§¶‡•ã‡§Ç ‡§ï‡§æ ‡§Ö‡§™‡§Æ‡§æ‡§® ‡§î‡§∞ ‡§Ü‡§§‡§Ç‡§ï‡§ø‡§Ø‡•ã‡§Ç ‡§ï‡§æ ‡§∏‡§Æ‡•ç‡§Æ‡§æ‡§®.. ‡§Ø‡§π‡•Ä ‡§π‡•à ‡§ï‡§æ‡§Ç‡§ó‡•ç‡§∞‡•á‡§∏ ‡§ï‡•Ä ‡§™‡§π‡§ö‡§æ‡§®' https:/‚Ä¶",Tue Mar 12 15:03:37 +0000 2019,1105484498072887296,"Prayagraj,Uttar Pradesh, India",Shivamr66978825
88,Intellectual. feminist. secular. Activist. Liberal. humorist. satirist. suffering from dementia. None of these.,484,False,http://pbs.twimg.com/profile_images/641941659349970944/Oxb-iQRz_normal.jpg,False,Satan,"<a href=""http://twitter.com/download/android"" rel=""nofollow"">Twitter for Android</a>","RT @LawrenceSellin: Pakistan PM Imran Khan has threatened to hit India with ‚Äúaggressive‚Äù action, hinting at the full weight of its nuclear‚Ä¶",Tue Mar 12 15:03:37 +0000 2019,1105484497519144960,New Delhi ,Scentofawoman10
89,"Devote of Nehru family, Eminent Distortionist, Raving Marxist, Author of Hindus are the root cause of all evil",1085,False,http://pbs.twimg.com/profile_images/680613973465645056/cjoM57_7_normal.jpg,False,Office of RG ( ‡≤∞‡≤æ‡≤µ‡≤£‡≤® ‡≤ï‡≤ö‡≥á‡≤∞‡≤ø ),"<a href=""http://twitter.com"" rel=""nofollow"">Twitter Web Client</a>",RT @Chellaney: India's drive for listing Masood Azhar as a terrorist at tomorrow's Security Council 1267 Committee meeting betrays an overe‚Ä¶,Tue Mar 12 15:03:37 +0000 2019,1105484496735006720,Lankapura,Ravan_Guha
90,99 ‡§ï‡§∞‡•ã‡§°‡§º ‡§â‡§™‡•á‡§ï‡•ç‡§∑‡§ø‡§§  ‡§Æ‡§ó‡§∞ ‡§∏‡§Æ‡•ç‡§Æ‡§æ‡§®‡§ø‡§§ ‡§≠‡§æ‡§∞‡§§‡•Ä‡§Ø ‡§®‡§æ‡§ó‡§∞‡§ø‡§ï‡•ã ‡§ï‡•á ‡§≤‡§ø‡§è ‡§∏‡•ã‡§ö,11,False,http://pbs.twimg.com/profile_images/3356555395/e35c3851ff6e718fbabe8a9a98f8afa6_normal.jpeg,False,Pradyumna Singh,"<a href=""http://twitter.com/download/android"" rel=""nofollow"">Twitter for Android</a>",RT @abpnewstv: The new style craze among young men is not from a film hero but from the real-life hero Wing Commander Abhinandan. Many men‚Ä¶,Tue Mar 12 15:03:37 +0000 2019,1105484495363301376,,pradyumna99
91,Washed up glide player,39,False,http://pbs.twimg.com/profile_images/1087030077840334849/L_JNJ81A_normal.jpg,False,Da Wazza Beast,"<a href=""http://twitter.com/download/android"" rel=""nofollow"">Twitter for Android</a>","RT @subgap: TSERIES IS PAYING PEOPLE TO PROMO THEM ON TWITTER. TON OF TWEETS FROM VERIFIED ACCOUNTS SAYING SOME VARIATION OF :

""Pewdiepie‚Ä¶",Tue Mar 12 15:03:37 +0000 2019,1105484495162171393,James ur fat,DaWazzaBeast
92,The official twitter page for Domino's Pizza India,162532,False,http://pbs.twimg.com/profile_images/1074660192883621888/XRjWNq8A_normal.jpg,True,Domino's Pizza India,"<a href=""https://www.onedirect.in/"" rel=""nofollow"">OneDirect Suite</a>",@pankajlalwani_ ^_^,Tue Mar 12 15:03:36 +0000 2019,1105484492578336768,India,dominos_india
93,‡§Æ‡§∞‡§æ‡§†‡§æ,187,False,http://pbs.twimg.com/profile_images/1030369574426824704/p72IJDPs_normal.jpg,False,Abhishek Patil,"<a href=""http://twitter.com/download/android"" rel=""nofollow"">Twitter for Android</a>","RT @abpmajhatv: ‡§Æ‡•ã‡§¶‡•Ä‡§Ç‡§®‡•Ä ‡§Æ‡•ã‡§†‡•ç‡§Ø‡§æ ‡§â‡§¶‡•ç‡§Ø‡•ã‡§ú‡§ï‡§æ‡§Ç‡§ö‡•Ä ‡§ï‡§∞‡•ç‡§ú ‡§Æ‡§æ‡§´ ‡§ï‡•á‡§≤‡•Ä, ‡§∂‡•á‡§§‡§ï‡§∞‡•Ä ‡§Ü‡§£‡§ø ‡§õ‡•ã‡§ü‡•ç‡§Ø‡§æ ‡§µ‡•ç‡§Ø‡§æ‡§™‡§æ‡§±‡•ç‡§Ø‡§æ‡§Ç‡§®‡§æ ‡§¶‡•á‡§∂‡•ã‡§ß‡§°‡•Ä‡§≤‡§æ ‡§≤‡§æ‡§µ‡§≤‡§Ç : ‡§∞‡§æ‡§π‡•Å‡§≤ ‡§ó‡§æ‡§Ç‡§ß‡•Ä
#RahulGandhi #Priya‚Ä¶",Tue Mar 12 15:03:36 +0000 2019,1105484492389543936,,iAbhishekPatil
94,"Adventurous, foodie couple who love to dine out, drink wine üç∑and travel. ‚úà
üì∑ Travel & food bloggers
https://t.co/t7FK4XqWZ4",496,False,http://pbs.twimg.com/profile_images/875584336828833795/5gYWHZ8j_normal.jpg,False,Vagabond Stories,"<a href=""https://dlvrit.com/"" rel=""nofollow"">dlvr.it</a>",Things To Do In Jaipur ‚Äì Top Experiences In The Pink City https://t.co/KB2wEsW7xz https://t.co/0ykz3axLbV,Tue Mar 12 15:03:36 +0000 2019,1105484491886223360,"New Delhi, India",VagabondStories
95,"India Tides is an Indian News Portal live since 2017 offering genuine live news, technology, lifestyle, entertainment, food and recipes, Health and Fitness,",95,False,http://pbs.twimg.com/profile_images/939385008212471809/-tkRdrv9_normal.jpg,False,India Tides,"<a href=""https://www.indiatides.com/"" rel=""nofollow"">Indiatides</a>",Anna University revaluation UG and PG results declared at https://t.co/fgXxEVkCFA | Website not responding - Indiat‚Ä¶ https://t.co/pd5YkKxUWE,Tue Mar 12 15:03:36 +0000 2019,1105484491806527488,"Chennai, India",india_tides
96,A student,0,False,http://pbs.twimg.com/profile_images/867268629573849089/RqbBXBNn_normal.jpg,False,Anish Gupta,"<a href=""http://twitter.com/download/android"" rel=""nofollow"">Twitter for Android</a>","@arunjaitley This is such a disgrace. 
Selfish people like Mr. Rahul Gandhi do anything for their political profit‚Ä¶ https://t.co/qHnuFA2ALU",Tue Mar 12 15:03:36 +0000 2019,1105484491793952769,,AnishGupta16892
97,,174,False,http://abs.twimg.com/sticky/default_profile_images/default_profile_normal.png,False,Pradeep Joshi,"<a href=""http://twitter.com/download/android"" rel=""nofollow"">Twitter for Android</a>","RT @dhruv_rathee: Currently Trending Videos on Youtube India üáÆüá≥ 

#4 - Kunal Kamra
#22 - Lallantop 
#29 - Ravish Kumar
#33 - Varun Grover‚Ä¶",Tue Mar 12 15:03:36 +0000 2019,1105484491647303681,"‡§Æ‡•Å‡§Ç‡§¨‡§à, ‡§≠‡§æ‡§∞‡§§",Pradeep4779
98,CEng.(Institution of Engineers India); PV Systems Expert; Python enthusiast,16,False,http://pbs.twimg.com/profile_images/829295726240866305/PrPoDIpx_normal.jpg,False,Mrinal Roy,"<a href=""http://twitter.com/download/android"" rel=""nofollow"">Twitter for Android</a>","@tim_cook why do hr agents keep high-flying degrees as pre-requisites? Either @tim_cook or they must be wrong.
Indi‚Ä¶ https://t.co/sBUl1m4bpt",Tue Mar 12 15:03:35 +0000 2019,1105484489961005057,,mrinalroy
99,A proud Indian. National interest supreme.,339,False,http://pbs.twimg.com/profile_images/922737888252411904/HaRJnVMD_normal.jpg,False,Ashwani Chowdhry,"<a href=""http://twitter.com/download/android"" rel=""nofollow"">Twitter for Android</a>","RT @AskAnshul: Intelligence agencies have raised concerns over the danger posed by the spread of Wahhabism or Salafism in India, especially‚Ä¶",Tue Mar 12 15:03:35 +0000 2019,1105484489780793345,"Lucknow, India",AshwaniChowdhry
